{
    "last_open_bookmarks_times": {
        "FLEETING NOTES": 1711455185.5945861
    },
    "should_open_tabs_times": [
        1711454927.864275,
        1711454972.552149,
        1711455000.6255486,
        1711455103.3684087,
        1711455140.6854823,
        1711455165.4075482,
        1711455180.6664739,
        1711455361.5991547
    ]
}